{
  "states" : 4,
  "mu": [-0.2, 0.025, 0.2, 0.1],
  "sigma" : [1.363257, 1.363257, 1.363257, 1.363257],
  "dvect" : [0.25, 0.25, 0.25, 0.25],
  "Gmat" : [[0.7, 0.1, 0.1, 0.1],
            [0.1, 0.7, 0.1, 0.1],
            [0.1, 0.1, 0.7, 0.1],
            [0.1, 0.1, 0.7, 0.1]]
}