{
  "states" : 3,
  "mu": [-0.2, 0.025, 0.2],
  "sigma" : [1.363257, 1.363257, 1.363257],
  "dvect" : [0.3333, 0.3333, 0.3334],
  "Gmat" : [[0.8, 0.1, 0.1],
            [0.1, 0.8, 0.1],
            [0.1, 0.1, 0.8]]
}