{
  "states" : 2,
  "mu": [0.1, 0.025],
  "sigma" : [1.363257, 1.363257],
  "dvect" : [0.7, 0.3],
  "Gmat" : [[0.8, 0.2],
            [0.2, 0.8]]
}